{
  "content": [
    {
      "path": "build.py",
      "size": 1206,
      "date": 132483610786621227
    },
    {
      "path": "SimObjects/Airplanes/Asobo_208B_GRAND_CARAVAN_EX-CQNet/aircraft.cfg",
      "size": 2174,
      "date": 132550598800057887
    },
    {
      "path": "SimObjects/Airplanes/Asobo_208B_GRAND_CARAVAN_EX-CQNet/MODEL.CQNet/model.CFG",
      "size": 330,
      "date": 132485458660963676
    },
    {
      "path": "SimObjects/Airplanes/Asobo_208B_GRAND_CARAVAN_EX-CQNet/TEXTURE.CQNet/CESSNA_208B_GRANDCARAVANEX_AIRFRAME_BODY_ALBD.PNG.DDS",
      "size": 4194432,
      "date": 132580954782314136
    },
    {
      "path": "SimObjects/Airplanes/Asobo_208B_GRAND_CARAVAN_EX-CQNet/TEXTURE.CQNet/CESSNA_208B_GRANDCARAVANEX_AIRFRAME_BODY_ALBD.PNG.DDS.json",
      "size": 102,
      "date": 132429048043164956
    },
    {
      "path": "SimObjects/Airplanes/Asobo_208B_GRAND_CARAVAN_EX-CQNet/TEXTURE.CQNet/CESSNA_208B_GRANDCARAVANEX_AIRFRAME_DECAL_ALBD.PNG.DDS",
      "size": 5592560,
      "date": 132429048043819674
    },
    {
      "path": "SimObjects/Airplanes/Asobo_208B_GRAND_CARAVAN_EX-CQNet/TEXTURE.CQNet/CESSNA_208B_GRANDCARAVANEX_AIRFRAME_DECAL_ALBD.PNG.DDS.FLAGS",
      "size": 17,
      "date": 132429048043859355
    },
    {
      "path": "SimObjects/Airplanes/Asobo_208B_GRAND_CARAVAN_EX-CQNet/TEXTURE.CQNet/CESSNA_208B_GRANDCARAVANEX_AIRFRAME_DECAL_ALBD.PNG.DDS.json",
      "size": 119,
      "date": 132429048043894082
    },
    {
      "path": "SimObjects/Airplanes/Asobo_208B_GRAND_CARAVAN_EX-CQNet/TEXTURE.CQNet/CESSNA_208B_GRANDCARAVANEX_AIRFRAME_LANDING_ALBD.PNG.DDS",
      "size": 2796344,
      "date": 132429048044429752
    },
    {
      "path": "SimObjects/Airplanes/Asobo_208B_GRAND_CARAVAN_EX-CQNet/TEXTURE.CQNet/CESSNA_208B_GRANDCARAVANEX_AIRFRAME_LANDING_ALBD.PNG.DDS.json",
      "size": 102,
      "date": 132429048044469433
    },
    {
      "path": "SimObjects/Airplanes/Asobo_208B_GRAND_CARAVAN_EX-CQNet/TEXTURE.CQNet/CESSNA_208B_GRANDCARAVANEX_AIRFRAME_LIVERY_ALBD.PNG.DDS",
      "size": 384,
      "date": 132550585576242424
    },
    {
      "path": "SimObjects/Airplanes/Asobo_208B_GRAND_CARAVAN_EX-CQNet/TEXTURE.CQNet/CESSNA_208B_GRANDCARAVANEX_AIRFRAME_LIVERY_ALBD.PNG.DDS.json",
      "size": 102,
      "date": 132429048045560634
    },
    {
      "path": "SimObjects/Airplanes/Asobo_208B_GRAND_CARAVAN_EX-CQNet/TEXTURE.CQNet/CESSNA_208B_GRANDCARAVANEX_AIRFRAME_WING_ALBD.PNG.DDS",
      "size": 2796344,
      "date": 132429048046542714
    },
    {
      "path": "SimObjects/Airplanes/Asobo_208B_GRAND_CARAVAN_EX-CQNet/TEXTURE.CQNet/CESSNA_208B_GRANDCARAVANEX_AIRFRAME_WING_ALBD.PNG.DDS.json",
      "size": 102,
      "date": 132429048046582398
    },
    {
      "path": "SimObjects/Airplanes/Asobo_208B_GRAND_CARAVAN_EX-CQNet/TEXTURE.CQNet/texture.CFG",
      "size": 415,
      "date": 132456742454408727
    },
    {
      "path": "SimObjects/Airplanes/Asobo_208B_GRAND_CARAVAN_EX-CQNet/TEXTURE.CQNet/thumbnail.JPG",
      "size": 68502,
      "date": 132580986353511401
    },
    {
      "path": "SimObjects/Airplanes/Asobo_208B_GRAND_CARAVAN_EX-CQNet/TEXTURE.CQNet/thumbnail_small.JPG",
      "size": 17831,
      "date": 132580986353971390
    }
  ]
}