{
    "content": [
        {
            "path": "SimObjects/AirPlanes/Asobo_A320_NEO-CQNCARGO/aircraft.cfg",
            "size": 1942,
            "date": 132585458638372076
        },
        {
            "path": "SimObjects/AirPlanes/Asobo_A320_NEO-CQNCARGO/model.CQNCARGO/model.cfg",
            "size": 938,
            "date": 132584190062397950
        },
        {
            "path": "SimObjects/AirPlanes/Asobo_A320_NEO-CQNCARGO/TEXTURE.CQNCARGO/A320NEO_AIRFRAME_ENGINES_ALBD.PNG.DDS",
            "size": 2796344,
            "date": 132586159132374210
        },
        {
            "path": "SimObjects/AirPlanes/Asobo_A320_NEO-CQNCARGO/TEXTURE.CQNCARGO/A320NEO_AIRFRAME_ENGINES_ALBD.PNG.DDS.json",
            "size": 102,
            "date": 132425416060000000
        },
        {
            "path": "SimObjects/AirPlanes/Asobo_A320_NEO-CQNCARGO/TEXTURE.CQNCARGO/A320NEO_AIRFRAME_FUSELAGE_ALBD.PNG.DDS",
            "size": 2097280,
            "date": 132586333563241032
        },
        {
            "path": "SimObjects/AirPlanes/Asobo_A320_NEO-CQNCARGO/TEXTURE.CQNCARGO/A320NEO_AIRFRAME_FUSELAGE_ALBD.PNG.DDS.json",
            "size": 102,
            "date": 132425416060000000
        },
        {
            "path": "SimObjects/AirPlanes/Asobo_A320_NEO-CQNCARGO/TEXTURE.CQNCARGO/A320NEO_AIRFRAME_LIVERY_ALBD.PNG.dds",
            "size": 2097280,
            "date": 132441718046223360
        },
        {
            "path": "SimObjects/AirPlanes/Asobo_A320_NEO-CQNCARGO/TEXTURE.CQNCARGO/A320NEO_AIRFRAME_LIVERY_ALBD.PNG.DDS.json",
            "size": 119,
            "date": 132425416060000000
        },
        {
            "path": "SimObjects/AirPlanes/Asobo_A320_NEO-CQNCARGO/TEXTURE.CQNCARGO/A320NEO_AIRFRAME_LIVERY_TEXTS_ALBD.PNG.dds",
            "size": 5592580,
            "date": 132425420140000000
        },
        {
            "path": "SimObjects/AirPlanes/Asobo_A320_NEO-CQNCARGO/TEXTURE.CQNCARGO/A320NEO_AIRFRAME_LIVERY_TEXTS_ALBD.PNG.DDS.json",
            "size": 119,
            "date": 132425416060000000
        },
        {
            "path": "SimObjects/AirPlanes/Asobo_A320_NEO-CQNCARGO/TEXTURE.CQNCARGO/A320NEO_AIRFRAME_WINGS_ALBD.PNG.DDS",
            "size": 2796344,
            "date": 132586157645520940
        },
        {
            "path": "SimObjects/AirPlanes/Asobo_A320_NEO-CQNCARGO/TEXTURE.CQNCARGO/A320NEO_AIRFRAME_WINGS_ALBD.PNG.DDS.json",
            "size": 102,
            "date": 132425416080000000
        },
        {
            "path": "SimObjects/AirPlanes/Asobo_A320_NEO-CQNCARGO/TEXTURE.CQNCARGO/A320NEO_COCKPIT_MAINPANEL_ALBD.PNG.dds",
            "size": 4194432,
            "date": 132585443308339088
        },
        {
            "path": "SimObjects/AirPlanes/Asobo_A320_NEO-CQNCARGO/TEXTURE.CQNCARGO/A320NEO_COCKPIT_MAINPANEL_ALBD.PNG.DDS.json",
            "size": 102,
            "date": 132448763894477756
        },
        {
            "path": "SimObjects/AirPlanes/Asobo_A320_NEO-CQNCARGO/TEXTURE.CQNCARGO/CUP_LOW2_ALBEDO.PNG.DDS",
            "size": 4194432,
            "date": 132581292012490162
        },
        {
            "path": "SimObjects/AirPlanes/Asobo_A320_NEO-CQNCARGO/TEXTURE.CQNCARGO/CUP_LOW2_ALBEDO.PNG.DDS.json",
            "size": 102,
            "date": 132581216640000000
        },
        {
            "path": "SimObjects/AirPlanes/Asobo_A320_NEO-CQNCARGO/TEXTURE.CQNCARGO/CUP_LOW2_METAL.PNG.DDS",
            "size": 1398276,
            "date": 132581216640000000
        },
        {
            "path": "SimObjects/AirPlanes/Asobo_A320_NEO-CQNCARGO/TEXTURE.CQNCARGO/CUP_LOW2_METAL.PNG.DDS.json",
            "size": 191,
            "date": 132581216640000000
        },
        {
            "path": "SimObjects/AirPlanes/Asobo_A320_NEO-CQNCARGO/TEXTURE.CQNCARGO/CUP_LOW2_NORMAL.PNG.DDS",
            "size": 1398256,
            "date": 132581216640000000
        },
        {
            "path": "SimObjects/AirPlanes/Asobo_A320_NEO-CQNCARGO/TEXTURE.CQNCARGO/CUP_LOW2_NORMAL.PNG.DDS.json",
            "size": 160,
            "date": 132581216640000000
        },
        {
            "path": "SimObjects/AirPlanes/Asobo_A320_NEO-CQNCARGO/TEXTURE.CQNCARGO/texture.cfg",
            "size": 228,
            "date": 132444813270885256
        },
        {
            "path": "SimObjects/AirPlanes/Asobo_A320_NEO-CQNCARGO/TEXTURE.CQNCARGO/thumbnail.jpg",
            "size": 120118,
            "date": 132586367988651352
        },
        {
            "path": "SimObjects/AirPlanes/Asobo_A320_NEO-CQNCARGO/TEXTURE.CQNCARGO/thumbnail_small.jpg",
            "size": 35974,
            "date": 132586368323807950
        }
    ]
}