{
  "content": [
    {
      "path": "build.py",
      "size": 1206,
      "date": 132532449009327883
    },
    {
      "path": "SimObjects/Airplanes/Asobo_TBM930-CQNet/aircraft.cfg",
      "size": 4013,
      "date": 132510824667043150
    },
    {
      "path": "SimObjects/Airplanes/Asobo_TBM930-CQNet/MODEL.AI_CQNet/model.cfg",
      "size": 239,
      "date": 132487271580000000
    },
    {
      "path": "SimObjects/Airplanes/Asobo_TBM930-CQNet/MODEL.MAIN/model.CFG",
      "size": 721,
      "date": 132487271580000000
    },
    {
      "path": "SimObjects/Airplanes/Asobo_TBM930-CQNet/TEXTURE.CQNet/TBM_930_AIRFRAME_DECALS_ALBD.PNG.DDS",
      "size": 2176,
      "date": 132452852285635629
    },
    {
      "path": "SimObjects/Airplanes/Asobo_TBM930-CQNet/TEXTURE.CQNet/TBM_930_AIRFRAME_DECALS_ALBD.PNG.DDS.json",
      "size": 102,
      "date": 132422848680000000
    },
    {
      "path": "SimObjects/Airplanes/Asobo_TBM930-CQNet/TEXTURE.CQNet/TBM_930_AIRFRAME_PLANE_ALBD.PNG.dds",
      "size": 16777344,
      "date": 132580959752950595
    },
    {
      "path": "SimObjects/Airplanes/Asobo_TBM930-CQNet/TEXTURE.CQNet/TBM_930_AIRFRAME_PLANE_ALBD.PNG.DDS.json",
      "size": 102,
      "date": 132422848680000000
    },
    {
      "path": "SimObjects/Airplanes/Asobo_TBM930-CQNet/TEXTURE.CQNet/texture.CFG",
      "size": 154,
      "date": 132444652460000000
    },
    {
      "path": "SimObjects/Airplanes/Asobo_TBM930-CQNet/TEXTURE.CQNet/thumbnail.jpg",
      "size": 59169,
      "date": 132580988587516662
    },
    {
      "path": "SimObjects/Airplanes/Asobo_TBM930-CQNet/TEXTURE.CQNet/thumbnail_small.jpg",
      "size": 15926,
      "date": 132580988587826669
    }
  ]
}