{
  "content": [
    {
      "path": "SimObjects/Airplanes/Asobo_B747_8i-CQNet/aircraft.cfg",
      "size": 1963,
      "date": 132567693075593668
    },
    {
      "path": "SimObjects/Airplanes/Asobo_B747_8i-CQNet/model.CQNet/model.cfg",
      "size": 288,
      "date": 132567690194056254
    },
    {
      "path": "SimObjects/Airplanes/Asobo_B747_8i-CQNet/TEXTURE.CQNet/747_8I_AIRFRAME_ENGINEBODY_ALBD.PNG.DDS",
      "size": 4194432,
      "date": 132579870033021990
    },
    {
      "path": "SimObjects/Airplanes/Asobo_B747_8i-CQNet/TEXTURE.CQNet/747_8I_AIRFRAME_ENGINEBODY_ALBD.PNG.DDS.json",
      "size": 102,
      "date": 132423755180000000
    },
    {
      "path": "SimObjects/Airplanes/Asobo_B747_8i-CQNet/TEXTURE.CQNet/747_8I_AIRFRAME_FUSELAGE_ALBD.PNG.dds",
      "size": 16777344,
      "date": 132580966613611479
    },
    {
      "path": "SimObjects/Airplanes/Asobo_B747_8i-CQNet/TEXTURE.CQNet/747_8I_AIRFRAME_FUSELAGE_ALBD.PNG.DDS.json",
      "size": 102,
      "date": 132531383860000000
    },
    {
      "path": "SimObjects/Airplanes/Asobo_B747_8i-CQNet/TEXTURE.CQNet/747_8I_AIRFRAME_HUBLOT01_ALBD.PNG.DDS",
      "size": 131200,
      "date": 132443319280000000
    },
    {
      "path": "SimObjects/Airplanes/Asobo_B747_8i-CQNet/TEXTURE.CQNet/747_8I_AIRFRAME_HUBLOT01_ALBD.PNG.DDS.json",
      "size": 119,
      "date": 132443319280000000
    },
    {
      "path": "SimObjects/Airplanes/Asobo_B747_8i-CQNet/TEXTURE.CQNet/747_8I_AIRFRAME_LIVERY2_ALBD.PNG.DDS",
      "size": 262272,
      "date": 132579865977608161
    },
    {
      "path": "SimObjects/Airplanes/Asobo_B747_8i-CQNet/TEXTURE.CQNet/747_8I_AIRFRAME_LIVERY2_ALBD.PNG.DDS.json",
      "size": 119,
      "date": 132423755180000000
    },
    {
      "path": "SimObjects/Airplanes/Asobo_B747_8i-CQNet/TEXTURE.CQNet/747_8I_AIRFRAME_LIVERY_ALBD.PNG.dds",
      "size": 4194432,
      "date": 132579865862179424
    },
    {
      "path": "SimObjects/Airplanes/Asobo_B747_8i-CQNet/TEXTURE.CQNet/747_8I_AIRFRAME_LIVERY_ALBD.PNG.DDS.json",
      "size": 119,
      "date": 132423755180000000
    },
    {
      "path": "SimObjects/Airplanes/Asobo_B747_8i-CQNet/TEXTURE.CQNet/747_8I_AIRFRAME_WINGFLAPS_ALBD.PNG.DDS",
      "size": 2796344,
      "date": 132423755200000000
    },
    {
      "path": "SimObjects/Airplanes/Asobo_B747_8i-CQNet/TEXTURE.CQNet/747_8I_AIRFRAME_WINGFLAPS_ALBD.PNG.DDS.json",
      "size": 102,
      "date": 132423755200000000
    },
    {
      "path": "SimObjects/Airplanes/Asobo_B747_8i-CQNet/TEXTURE.CQNet/747_8I_AIRFRAME_WING_ALBD.PNG.DDS",
      "size": 2796344,
      "date": 132423755200000000
    },
    {
      "path": "SimObjects/Airplanes/Asobo_B747_8i-CQNet/TEXTURE.CQNet/747_8I_AIRFRAME_WING_ALBD.PNG.DDS.json",
      "size": 102,
      "date": 132423755200000000
    },
    {
      "path": "SimObjects/Airplanes/Asobo_B747_8i-CQNet/TEXTURE.CQNet/texture.cfg",
      "size": 220,
      "date": 132441960080000000
    },
    {
      "path": "SimObjects/Airplanes/Asobo_B747_8i-CQNet/TEXTURE.CQNet/thumbnail.jpg",
      "size": 71130,
      "date": 132580988983792301
    },
    {
      "path": "SimObjects/Airplanes/Asobo_B747_8i-CQNet/TEXTURE.CQNet/thumbnail_small.JPG",
      "size": 16946,
      "date": 132580988984092561
    }
  ]
}