{
    "content": [
        {
            "path": "SimObjects/AirPlanes/FlyByWire_A320_NEO-REBEL_ALLI/aircraft.cfg",
            "size": 1940,
            "date": 132936025461166168
        },
        {
            "path": "SimObjects/AirPlanes/FlyByWire_A320_NEO-REBEL_ALLI/MODEL.MAIN/model.cfg",
            "size": 279,
            "date": 132630357581043268
        },
        {
            "path": "SimObjects/AirPlanes/FlyByWire_A320_NEO-REBEL_ALLI/TEXTURE.REBEL_ALLI/A320NEO_AIRFRAME_DECALS_ALBD.PNG.DDS",
            "size": 5592560,
            "date": 132573996900000000
        },
        {
            "path": "SimObjects/AirPlanes/FlyByWire_A320_NEO-REBEL_ALLI/TEXTURE.REBEL_ALLI/A320NEO_AIRFRAME_DECALS_ALBD.PNG.DDS.json",
            "size": 119,
            "date": 132573996900000000
        },
        {
            "path": "SimObjects/AirPlanes/FlyByWire_A320_NEO-REBEL_ALLI/TEXTURE.REBEL_ALLI/A320NEO_AIRFRAME_ENGINES_ALBD.PNG.DDS",
            "size": 5592560,
            "date": 132935198797603256
        },
        {
            "path": "SimObjects/AirPlanes/FlyByWire_A320_NEO-REBEL_ALLI/TEXTURE.REBEL_ALLI/A320NEO_AIRFRAME_ENGINES_ALBD.PNG.DDS.json",
            "size": 102,
            "date": 132412813980000000
        },
        {
            "path": "SimObjects/AirPlanes/FlyByWire_A320_NEO-REBEL_ALLI/TEXTURE.REBEL_ALLI/A320NEO_AIRFRAME_FUSELAGE_ALBD.PNG.dds",
            "size": 22369776,
            "date": 132936030076447634
        },
        {
            "path": "SimObjects/AirPlanes/FlyByWire_A320_NEO-REBEL_ALLI/TEXTURE.REBEL_ALLI/A320NEO_AIRFRAME_FUSELAGE_ALBD.PNG.DDS.json",
            "size": 102,
            "date": 132412813980000000
        },
        {
            "path": "SimObjects/AirPlanes/FlyByWire_A320_NEO-REBEL_ALLI/TEXTURE.REBEL_ALLI/A320NEO_AIRFRAME_HUBLOT_EMIS.PNG.DDS",
            "size": 1398276,
            "date": 132686323680000000
        },
        {
            "path": "SimObjects/AirPlanes/FlyByWire_A320_NEO-REBEL_ALLI/TEXTURE.REBEL_ALLI/A320NEO_AIRFRAME_HUBLOT_EMIS.PNG.DDS.json",
            "size": 119,
            "date": 132647291080000000
        },
        {
            "path": "SimObjects/AirPlanes/FlyByWire_A320_NEO-REBEL_ALLI/TEXTURE.REBEL_ALLI/A320NEO_AIRFRAME_LIVERY_ALBD.PNG.DDS",
            "size": 5592560,
            "date": 132935432250948100
        },
        {
            "path": "SimObjects/AirPlanes/FlyByWire_A320_NEO-REBEL_ALLI/TEXTURE.REBEL_ALLI/A320NEO_AIRFRAME_LIVERY_ALBD.PNG.DDS.json",
            "size": 119,
            "date": 132405153120000000
        },
        {
            "path": "SimObjects/AirPlanes/FlyByWire_A320_NEO-REBEL_ALLI/TEXTURE.REBEL_ALLI/A320NEO_AIRFRAME_LIVERY_TEXTS_ALBD.PNG.dds",
            "size": 132,
            "date": 132408872700000000
        },
        {
            "path": "SimObjects/AirPlanes/FlyByWire_A320_NEO-REBEL_ALLI/TEXTURE.REBEL_ALLI/A320NEO_AIRFRAME_LIVERY_TEXTS_ALBD.PNG.DDS.json",
            "size": 119,
            "date": 132405153120000000
        },
        {
            "path": "SimObjects/AirPlanes/FlyByWire_A320_NEO-REBEL_ALLI/TEXTURE.REBEL_ALLI/A320NEO_AIRFRAME_WINGS_ALBD.PNG.DDS",
            "size": 22369776,
            "date": 132936030482954452
        },
        {
            "path": "SimObjects/AirPlanes/FlyByWire_A320_NEO-REBEL_ALLI/TEXTURE.REBEL_ALLI/A320NEO_AIRFRAME_WINGS_ALBD.PNG.DDS.json",
            "size": 102,
            "date": 132412813980000000
        },
        {
            "path": "SimObjects/AirPlanes/FlyByWire_A320_NEO-REBEL_ALLI/TEXTURE.REBEL_ALLI/A320NEO_COCKPIT_BACK01_ALBD.PNG.DDS",
            "size": 5592560,
            "date": 132936041933294662
        },
        {
            "path": "SimObjects/AirPlanes/FlyByWire_A320_NEO-REBEL_ALLI/TEXTURE.REBEL_ALLI/A320NEO_COCKPIT_BACK01_ALBD.PNG.DDS.json",
            "size": 102,
            "date": 132447633133589584
        },
        {
            "path": "SimObjects/AirPlanes/FlyByWire_A320_NEO-REBEL_ALLI/TEXTURE.REBEL_ALLI/A320NEO_COCKPIT_BACK02_ALBD.PNG.DDS",
            "size": 5592560,
            "date": 132935450429581950
        },
        {
            "path": "SimObjects/AirPlanes/FlyByWire_A320_NEO-REBEL_ALLI/TEXTURE.REBEL_ALLI/A320NEO_COCKPIT_BACK02_ALBD.PNG.DDS.json",
            "size": 102,
            "date": 132447633134170104
        },
        {
            "path": "SimObjects/AirPlanes/FlyByWire_A320_NEO-REBEL_ALLI/TEXTURE.REBEL_ALLI/A320NEO_COCKPIT_DECALSALPHA_ALBD.PNG.DDS",
            "size": 1398256,
            "date": 132936038031526594
        },
        {
            "path": "SimObjects/AirPlanes/FlyByWire_A320_NEO-REBEL_ALLI/TEXTURE.REBEL_ALLI/A320NEO_COCKPIT_DECALSALPHA_ALBD.PNG.DDS.json",
            "size": 119,
            "date": 132583753720000000
        },
        {
            "path": "SimObjects/AirPlanes/FlyByWire_A320_NEO-REBEL_ALLI/TEXTURE.REBEL_ALLI/A320NEO_COCKPIT_FLOOR_ALBD.PNG.DDS",
            "size": 5592560,
            "date": 132522822800000000
        },
        {
            "path": "SimObjects/AirPlanes/FlyByWire_A320_NEO-REBEL_ALLI/TEXTURE.REBEL_ALLI/A320NEO_COCKPIT_FLOOR_ALBD.PNG.DDS.json",
            "size": 102,
            "date": 132422210820000000
        },
        {
            "path": "SimObjects/AirPlanes/FlyByWire_A320_NEO-REBEL_ALLI/TEXTURE.REBEL_ALLI/A320NEO_COCKPIT_GLARESHIELD_ALBD.PNG.DDS",
            "size": 5592560,
            "date": 132934848315872424
        },
        {
            "path": "SimObjects/AirPlanes/FlyByWire_A320_NEO-REBEL_ALLI/TEXTURE.REBEL_ALLI/A320NEO_COCKPIT_GLARESHIELD_ALBD.PNG.DDS.json",
            "size": 102,
            "date": 132554719900000000
        },
        {
            "path": "SimObjects/AirPlanes/FlyByWire_A320_NEO-REBEL_ALLI/TEXTURE.REBEL_ALLI/A320NEO_COCKPIT_INPUTS01_ALBD.PNG.DDS",
            "size": 2097300,
            "date": 132899094448854072
        },
        {
            "path": "SimObjects/AirPlanes/FlyByWire_A320_NEO-REBEL_ALLI/TEXTURE.REBEL_ALLI/A320NEO_COCKPIT_INPUTS01_ALBD.PNG.DDS.json",
            "size": 102,
            "date": 132554719900000000
        },
        {
            "path": "SimObjects/AirPlanes/FlyByWire_A320_NEO-REBEL_ALLI/TEXTURE.REBEL_ALLI/A320NEO_COCKPIT_INPUTS02_ALBD.PNG.DDS",
            "size": 5592560,
            "date": 132530548080000000
        },
        {
            "path": "SimObjects/AirPlanes/FlyByWire_A320_NEO-REBEL_ALLI/TEXTURE.REBEL_ALLI/A320NEO_COCKPIT_INPUTS02_ALBD.PNG.DDS.json",
            "size": 102,
            "date": 132554719900000000
        },
        {
            "path": "SimObjects/AirPlanes/FlyByWire_A320_NEO-REBEL_ALLI/TEXTURE.REBEL_ALLI/A320NEO_COCKPIT_LIGHTS_ALBD.PNG.DDS",
            "size": 1398256,
            "date": 132530548080000000
        },
        {
            "path": "SimObjects/AirPlanes/FlyByWire_A320_NEO-REBEL_ALLI/TEXTURE.REBEL_ALLI/A320NEO_COCKPIT_LIGHTS_ALBD.PNG.DDS.json",
            "size": 102,
            "date": 132530548080000000
        },
        {
            "path": "SimObjects/AirPlanes/FlyByWire_A320_NEO-REBEL_ALLI/TEXTURE.REBEL_ALLI/A320NEO_COCKPIT_LIGHTS_EMIS.PNG.DDS",
            "size": 1398256,
            "date": 132530548080000000
        },
        {
            "path": "SimObjects/AirPlanes/FlyByWire_A320_NEO-REBEL_ALLI/TEXTURE.REBEL_ALLI/A320NEO_COCKPIT_LIGHTS_EMIS.PNG.DDS.json",
            "size": 102,
            "date": 132530548080000000
        },
        {
            "path": "SimObjects/AirPlanes/FlyByWire_A320_NEO-REBEL_ALLI/TEXTURE.REBEL_ALLI/A320NEO_COCKPIT_MAINPANEL_ALBD.PNG.dds",
            "size": 5592560,
            "date": 132935442337118804
        },
        {
            "path": "SimObjects/AirPlanes/FlyByWire_A320_NEO-REBEL_ALLI/TEXTURE.REBEL_ALLI/A320NEO_COCKPIT_MAINPANEL_ALBD.PNG.DDS.json",
            "size": 102,
            "date": 132554719900000000
        },
        {
            "path": "SimObjects/AirPlanes/FlyByWire_A320_NEO-REBEL_ALLI/TEXTURE.REBEL_ALLI/A320NEO_COCKPIT_OVERHEAD_ALBD.PNG.DDS",
            "size": 5592560,
            "date": 132549832860000000
        },
        {
            "path": "SimObjects/AirPlanes/FlyByWire_A320_NEO-REBEL_ALLI/TEXTURE.REBEL_ALLI/A320NEO_COCKPIT_OVERHEAD_ALBD.PNG.DDS.json",
            "size": 102,
            "date": 132530548080000000
        },
        {
            "path": "SimObjects/AirPlanes/FlyByWire_A320_NEO-REBEL_ALLI/TEXTURE.REBEL_ALLI/A320NEO_COCKPIT_PEDALS_ALBD.PNG.DDS",
            "size": 2097300,
            "date": 132899096568158968
        },
        {
            "path": "SimObjects/AirPlanes/FlyByWire_A320_NEO-REBEL_ALLI/TEXTURE.REBEL_ALLI/A320NEO_COCKPIT_PEDALS_ALBD.PNG.DDS.json",
            "size": 102,
            "date": 132530548080000000
        },
        {
            "path": "SimObjects/AirPlanes/FlyByWire_A320_NEO-REBEL_ALLI/TEXTURE.REBEL_ALLI/A320NEO_COCKPIT_PEDESTAL_ALBD.PNG.DDS",
            "size": 2097280,
            "date": 132594376900000000
        },
        {
            "path": "SimObjects/AirPlanes/FlyByWire_A320_NEO-REBEL_ALLI/TEXTURE.REBEL_ALLI/A320NEO_COCKPIT_PEDESTAL_ALBD.PNG.DDS.json",
            "size": 102,
            "date": 132554719920000000
        },
        {
            "path": "SimObjects/AirPlanes/FlyByWire_A320_NEO-REBEL_ALLI/TEXTURE.REBEL_ALLI/A320NEO_COCKPIT_SEATBELT_ALBD.PNG.DDS",
            "size": 5592560,
            "date": 132935448607976970
        },
        {
            "path": "SimObjects/AirPlanes/FlyByWire_A320_NEO-REBEL_ALLI/TEXTURE.REBEL_ALLI/A320NEO_COCKPIT_SEATBELT_ALBD.PNG.DDS.json",
            "size": 102,
            "date": 132545999540000000
        },
        {
            "path": "SimObjects/AirPlanes/FlyByWire_A320_NEO-REBEL_ALLI/TEXTURE.REBEL_ALLI/A320NEO_COCKPIT_SEATS_ALBD.PNG.DDS",
            "size": 5592560,
            "date": 132935447981077662
        },
        {
            "path": "SimObjects/AirPlanes/FlyByWire_A320_NEO-REBEL_ALLI/TEXTURE.REBEL_ALLI/A320NEO_COCKPIT_SEATS_ALBD.PNG.DDS.json",
            "size": 102,
            "date": 132447633139775196
        },
        {
            "path": "SimObjects/AirPlanes/FlyByWire_A320_NEO-REBEL_ALLI/TEXTURE.REBEL_ALLI/A320NEO_COCKPIT_SIDEPANELS_ALBD.PNG.DDS",
            "size": 8388756,
            "date": 132899118290517586
        },
        {
            "path": "SimObjects/AirPlanes/FlyByWire_A320_NEO-REBEL_ALLI/TEXTURE.REBEL_ALLI/A320NEO_COCKPIT_SIDEPANELS_ALBD.PNG.DDS.json",
            "size": 102,
            "date": 132447633140375736
        },
        {
            "path": "SimObjects/AirPlanes/FlyByWire_A320_NEO-REBEL_ALLI/TEXTURE.REBEL_ALLI/A320NEO_COCKPIT_SIDESTICKS_ALBD.PNG.DDS",
            "size": 2097300,
            "date": 132899097079022436
        },
        {
            "path": "SimObjects/AirPlanes/FlyByWire_A320_NEO-REBEL_ALLI/TEXTURE.REBEL_ALLI/A320NEO_COCKPIT_SIDESTICKS_ALBD.PNG.DDS.json",
            "size": 102,
            "date": 132447633140926238
        },
        {
            "path": "SimObjects/AirPlanes/FlyByWire_A320_NEO-REBEL_ALLI/TEXTURE.REBEL_ALLI/A320NEO_COCKPIT_SIDETOP_ALBD.PNG.DDS",
            "size": 2097300,
            "date": 132899097278668608
        },
        {
            "path": "SimObjects/AirPlanes/FlyByWire_A320_NEO-REBEL_ALLI/TEXTURE.REBEL_ALLI/A320NEO_COCKPIT_SIDETOP_ALBD.PNG.DDS.json",
            "size": 102,
            "date": 132447633141516772
        },
        {
            "path": "SimObjects/AirPlanes/FlyByWire_A320_NEO-REBEL_ALLI/TEXTURE.REBEL_ALLI/A320NEO_COCKPIT_THROTTLE_ALBD.PNG.DDS",
            "size": 2097300,
            "date": 132899097725512088
        },
        {
            "path": "SimObjects/AirPlanes/FlyByWire_A320_NEO-REBEL_ALLI/TEXTURE.REBEL_ALLI/A320NEO_COCKPIT_THROTTLE_ALBD.PNG.DDS.json",
            "size": 102,
            "date": 132554719920000000
        },
        {
            "path": "SimObjects/AirPlanes/FlyByWire_A320_NEO-REBEL_ALLI/TEXTURE.REBEL_ALLI/A320NEO_COCKPIT_TOPPANEL_ALBD.PNG.DDS",
            "size": 2097300,
            "date": 132899097788338460
        },
        {
            "path": "SimObjects/AirPlanes/FlyByWire_A320_NEO-REBEL_ALLI/TEXTURE.REBEL_ALLI/A320NEO_COCKPIT_TOPPANEL_ALBD.PNG.DDS.json",
            "size": 102,
            "date": 132447633142677822
        },
        {
            "path": "SimObjects/AirPlanes/FlyByWire_A320_NEO-REBEL_ALLI/TEXTURE.REBEL_ALLI/CUP_LOW2_ALBEDO.PNG.DDS",
            "size": 5592560,
            "date": 132935451554452076
        },
        {
            "path": "SimObjects/AirPlanes/FlyByWire_A320_NEO-REBEL_ALLI/TEXTURE.REBEL_ALLI/CUP_LOW2_ALBEDO.PNG.DDS.json",
            "size": 102,
            "date": 132581216640000000
        },
        {
            "path": "SimObjects/AirPlanes/FlyByWire_A320_NEO-REBEL_ALLI/TEXTURE.REBEL_ALLI/DECALS_DOOR_CARGO_HINGES_ALBD.PNG.DDS",
            "size": 349680,
            "date": 132934950801615796
        },
        {
            "path": "SimObjects/AirPlanes/FlyByWire_A320_NEO-REBEL_ALLI/TEXTURE.REBEL_ALLI/DECALS_DOOR_CARGO_HINGES_ALBD.PNG.DDS.json",
            "size": 102,
            "date": 132934935090000000
        },
        {
            "path": "SimObjects/AirPlanes/FlyByWire_A320_NEO-REBEL_ALLI/TEXTURE.REBEL_ALLI/DECALS_DOOR_CARGO_HINGES_COMP.PNG.DDS",
            "size": 349680,
            "date": 132934951210275910
        },
        {
            "path": "SimObjects/AirPlanes/FlyByWire_A320_NEO-REBEL_ALLI/TEXTURE.REBEL_ALLI/DECALS_DOOR_CARGO_HINGES_COMP.PNG.DDS.json",
            "size": 191,
            "date": 132934935130000000
        },
        {
            "path": "SimObjects/AirPlanes/FlyByWire_A320_NEO-REBEL_ALLI/TEXTURE.REBEL_ALLI/DECALS_DOOR_STICKERS_RIBBON_ALBD.PNG.DDS",
            "size": 5592580,
            "date": 132934935180000000
        },
        {
            "path": "SimObjects/AirPlanes/FlyByWire_A320_NEO-REBEL_ALLI/TEXTURE.REBEL_ALLI/DECALS_DOOR_STICKERS_RIBBON_ALBD.PNG.DDS.FLAGS",
            "size": 39,
            "date": 132934935180000000
        },
        {
            "path": "SimObjects/AirPlanes/FlyByWire_A320_NEO-REBEL_ALLI/TEXTURE.REBEL_ALLI/DECALS_DOOR_STICKERS_RIBBON_ALBD.PNG.DDS.json",
            "size": 249,
            "date": 132934935190000000
        },
        {
            "path": "SimObjects/AirPlanes/FlyByWire_A320_NEO-REBEL_ALLI/TEXTURE.REBEL_ALLI/DECALS_DOOR_STICKERS_RIBBON_COMP.PNG.DDS",
            "size": 5592580,
            "date": 132934935240000000
        },
        {
            "path": "SimObjects/AirPlanes/FlyByWire_A320_NEO-REBEL_ALLI/TEXTURE.REBEL_ALLI/DECALS_DOOR_STICKERS_RIBBON_COMP.PNG.DDS.FLAGS",
            "size": 21,
            "date": 132934935290000000
        },
        {
            "path": "SimObjects/AirPlanes/FlyByWire_A320_NEO-REBEL_ALLI/TEXTURE.REBEL_ALLI/DECALS_DOOR_STICKERS_RIBBON_COMP.PNG.DDS.json",
            "size": 191,
            "date": 132934935320000000
        },
        {
            "path": "SimObjects/AirPlanes/FlyByWire_A320_NEO-REBEL_ALLI/TEXTURE.REBEL_ALLI/DECALS_DOOR_STICKERS_RIBBON_NORM.PNG.DDS",
            "size": 5592560,
            "date": 132934935380000000
        },
        {
            "path": "SimObjects/AirPlanes/FlyByWire_A320_NEO-REBEL_ALLI/TEXTURE.REBEL_ALLI/DECALS_DOOR_STICKERS_RIBBON_NORM.PNG.DDS.FLAGS",
            "size": 21,
            "date": 132934935380000000
        },
        {
            "path": "SimObjects/AirPlanes/FlyByWire_A320_NEO-REBEL_ALLI/TEXTURE.REBEL_ALLI/DECALS_DOOR_STICKERS_RIBBON_NORM.PNG.DDS.json",
            "size": 185,
            "date": 132934935410000000
        },
        {
            "path": "SimObjects/AirPlanes/FlyByWire_A320_NEO-REBEL_ALLI/TEXTURE.REBEL_ALLI/DECAL_LOGO_FRONT_ALBD.PNG.DDS",
            "size": 5592560,
            "date": 132935452570866820
        },
        {
            "path": "SimObjects/AirPlanes/FlyByWire_A320_NEO-REBEL_ALLI/TEXTURE.REBEL_ALLI/DECAL_LOGO_FRONT_ALBD.PNG.DDS.json",
            "size": 102,
            "date": 132934935460000000
        },
        {
            "path": "SimObjects/AirPlanes/FlyByWire_A320_NEO-REBEL_ALLI/TEXTURE.REBEL_ALLI/DECAL_LOGO_FRONT_COMP.PNG.DDS",
            "size": 5592580,
            "date": 132934935510000000
        },
        {
            "path": "SimObjects/AirPlanes/FlyByWire_A320_NEO-REBEL_ALLI/TEXTURE.REBEL_ALLI/DECAL_LOGO_FRONT_COMP.PNG.DDS.json",
            "size": 166,
            "date": 132934935510000000
        },
        {
            "path": "SimObjects/AirPlanes/FlyByWire_A320_NEO-REBEL_ALLI/TEXTURE.REBEL_ALLI/FLYPAD_ALBEDO.TIF.DDS",
            "size": 5592560,
            "date": 132935454577593604
        },
        {
            "path": "SimObjects/AirPlanes/FlyByWire_A320_NEO-REBEL_ALLI/TEXTURE.REBEL_ALLI/FLYPAD_ALBEDO.TIF.DDS.json",
            "size": 119,
            "date": 132581985080000000
        },
        {
            "path": "SimObjects/AirPlanes/FlyByWire_A320_NEO-REBEL_ALLI/TEXTURE.REBEL_ALLI/texture.CFG",
            "size": 232,
            "date": 132620599940000000
        },
        {
            "path": "SimObjects/AirPlanes/FlyByWire_A320_NEO-REBEL_ALLI/TEXTURE.REBEL_ALLI/thumbnail.jpg",
            "size": 60961,
            "date": 132936049537099884
        },
        {
            "path": "SimObjects/AirPlanes/FlyByWire_A320_NEO-REBEL_ALLI/TEXTURE.REBEL_ALLI/thumbnail_small.jpg",
            "size": 14392,
            "date": 132936049537419886
        }
    ]
}