{
  "content": [
    {
      "path": "build.py",
      "size": 1206,
      "date": 132483610786621227
    },
    {
      "path": "SimObjects/Airplanes/Asobo_CJ4-CQNet/aircraft.cfg",
      "size": 2028,
      "date": 132510808175989636
    },
    {
      "path": "SimObjects/Airplanes/Asobo_CJ4-CQNet/MODEL.MAIN/model.CFG",
      "size": 708,
      "date": 132487264200000000
    },
    {
      "path": "SimObjects/Airplanes/Asobo_CJ4-CQNet/TEXTURE.CQNet/CESSNA_CJ4_AIRFRAME_ENGINE_ALBD.PNG.dds",
      "size": 4194432,
      "date": 132518837437911368
    },
    {
      "path": "SimObjects/Airplanes/Asobo_CJ4-CQNet/TEXTURE.CQNet/CESSNA_CJ4_AIRFRAME_ENGINE_ALBD.PNG.DDS.json",
      "size": 102,
      "date": 132429054735444146
    },
    {
      "path": "SimObjects/Airplanes/Asobo_CJ4-CQNet/TEXTURE.CQNet/CESSNA_CJ4_AIRFRAME_FRONTGEAR_ALBD.PNG.dds",
      "size": 4194432,
      "date": 132529321197701110
    },
    {
      "path": "SimObjects/Airplanes/Asobo_CJ4-CQNet/TEXTURE.CQNet/CESSNA_CJ4_AIRFRAME_FRONTGEAR_ALBD.PNG.DDS.json",
      "size": 102,
      "date": 132429054736138551
    },
    {
      "path": "SimObjects/Airplanes/Asobo_CJ4-CQNet/TEXTURE.CQNet/CESSNA_CJ4_AIRFRAME_FUSELAGE_ALBD.PNG.dds",
      "size": 4194432,
      "date": 132580956429461142
    },
    {
      "path": "SimObjects/Airplanes/Asobo_CJ4-CQNet/TEXTURE.CQNet/CESSNA_CJ4_AIRFRAME_FUSELAGE_ALBD.PNG.DDS.json",
      "size": 102,
      "date": 132429054736634545
    },
    {
      "path": "SimObjects/Airplanes/Asobo_CJ4-CQNet/TEXTURE.CQNet/CESSNA_CJ4_AIRFRAME_LIVERY_ALBD.PNG.DDS",
      "size": 5636,
      "date": 132475653360000000
    },
    {
      "path": "SimObjects/Airplanes/Asobo_CJ4-CQNet/TEXTURE.CQNet/CESSNA_CJ4_AIRFRAME_LIVERY_ALBD.PNG.DDS.json",
      "size": 102,
      "date": 132476517540000000
    },
    {
      "path": "SimObjects/Airplanes/Asobo_CJ4-CQNet/TEXTURE.CQNet/CESSNA_CJ4_AIRFRAME_REARGEAR_ALBD.PNG.DDS",
      "size": 2796344,
      "date": 132429054737705904
    },
    {
      "path": "SimObjects/Airplanes/Asobo_CJ4-CQNet/TEXTURE.CQNet/CESSNA_CJ4_AIRFRAME_REARGEAR_ALBD.PNG.DDS.json",
      "size": 102,
      "date": 132429054737740628
    },
    {
      "path": "SimObjects/Airplanes/Asobo_CJ4-CQNet/TEXTURE.CQNet/CESSNA_CJ4_AIRFRAME_TEXT_ALBD.PNG.DDS",
      "size": 5592560,
      "date": 132487332820000000
    },
    {
      "path": "SimObjects/Airplanes/Asobo_CJ4-CQNet/TEXTURE.CQNet/CESSNA_CJ4_AIRFRAME_TEXT_ALBD.PNG.DDS.FLAGS",
      "size": 18,
      "date": 132528137714819915
    },
    {
      "path": "SimObjects/Airplanes/Asobo_CJ4-CQNet/TEXTURE.CQNet/CESSNA_CJ4_AIRFRAME_TEXT_ALBD.PNG.DDS.json",
      "size": 119,
      "date": 132487266300000000
    },
    {
      "path": "SimObjects/Airplanes/Asobo_CJ4-CQNet/TEXTURE.CQNet/CESSNA_CJ4_AIRFRAME_WING_ALBD.PNG.DDS",
      "size": 2796344,
      "date": 132429054738687984
    },
    {
      "path": "SimObjects/Airplanes/Asobo_CJ4-CQNet/TEXTURE.CQNet/CESSNA_CJ4_AIRFRAME_WING_ALBD.PNG.DDS.json",
      "size": 102,
      "date": 132429054738727665
    },
    {
      "path": "SimObjects/Airplanes/Asobo_CJ4-CQNet/TEXTURE.CQNet/texture.CFG",
      "size": 208,
      "date": 132439826608011406
    },
    {
      "path": "SimObjects/Airplanes/Asobo_CJ4-CQNet/TEXTURE.CQNet/thumbnail.jpg",
      "size": 68631,
      "date": 132580987505630635
    },
    {
      "path": "SimObjects/Airplanes/Asobo_CJ4-CQNet/TEXTURE.CQNet/thumbnail_small.jpg",
      "size": 17713,
      "date": 132580987505940423
    }
  ]
}