{
    "content": [
        {
            "path": "SimObjects/AirPlanes/FlyByWire_A320_NEO-KMS/aircraft.cfg",
            "size": 1969,
            "date": 132682959776826132
        },
        {
            "path": "SimObjects/AirPlanes/FlyByWire_A320_NEO-KMS/MODEL.MAIN/model.cfg",
            "size": 946,
            "date": 132620600223175780
        },
        {
            "path": "SimObjects/AirPlanes/FlyByWire_A320_NEO-KMS/TEXTURE.KMS/A320NEO_AIRFRAME_DECALS_ALBD.PNG.DDS",
            "size": 5592560,
            "date": 132714101729208470
        },
        {
            "path": "SimObjects/AirPlanes/FlyByWire_A320_NEO-KMS/TEXTURE.KMS/A320NEO_AIRFRAME_DECALS_ALBD.PNG.DDS.json",
            "size": 102,
            "date": 132443444260000000
        },
        {
            "path": "SimObjects/AirPlanes/FlyByWire_A320_NEO-KMS/TEXTURE.KMS/A320NEO_AIRFRAME_ENGINES_ALBD.PNG.DDS",
            "size": 11184952,
            "date": 132714103122116588
        },
        {
            "path": "SimObjects/AirPlanes/FlyByWire_A320_NEO-KMS/TEXTURE.KMS/A320NEO_AIRFRAME_ENGINES_ALBD.PNG.DDS.json",
            "size": 102,
            "date": 132443444260000000
        },
        {
            "path": "SimObjects/AirPlanes/FlyByWire_A320_NEO-KMS/TEXTURE.KMS/A320NEO_AIRFRAME_FRONTLANDING_ALBD.PNG.DDS",
            "size": 5592580,
            "date": 132686322638360448
        },
        {
            "path": "SimObjects/AirPlanes/FlyByWire_A320_NEO-KMS/TEXTURE.KMS/A320NEO_AIRFRAME_FRONTLANDING_ALBD.PNG.DDS.json",
            "size": 102,
            "date": 132647291060000000
        },
        {
            "path": "SimObjects/AirPlanes/FlyByWire_A320_NEO-KMS/TEXTURE.KMS/A320NEO_AIRFRAME_FUSELAGE_ALBD.PNG.DDS",
            "size": 11184952,
            "date": 132714103463780450
        },
        {
            "path": "SimObjects/AirPlanes/FlyByWire_A320_NEO-KMS/TEXTURE.KMS/A320NEO_AIRFRAME_FUSELAGE_ALBD.PNG.DDS.json",
            "size": 102,
            "date": 132443444260000000
        },
        {
            "path": "SimObjects/AirPlanes/FlyByWire_A320_NEO-KMS/TEXTURE.KMS/A320NEO_AIRFRAME_HUBLOTIN_ALBD.PNG.DDS",
            "size": 22369796,
            "date": 132686326402313640
        },
        {
            "path": "SimObjects/AirPlanes/FlyByWire_A320_NEO-KMS/TEXTURE.KMS/A320NEO_AIRFRAME_HUBLOTIN_ALBD.PNG.DDS.json",
            "size": 102,
            "date": 132647291070000000
        },
        {
            "path": "SimObjects/AirPlanes/FlyByWire_A320_NEO-KMS/TEXTURE.KMS/A320NEO_AIRFRAME_HUBLOT_ALBD.PNG.DDS",
            "size": 349700,
            "date": 132686323433988426
        },
        {
            "path": "SimObjects/AirPlanes/FlyByWire_A320_NEO-KMS/TEXTURE.KMS/A320NEO_AIRFRAME_HUBLOT_ALBD.PNG.DDS.json",
            "size": 119,
            "date": 132647291070000000
        },
        {
            "path": "SimObjects/AirPlanes/FlyByWire_A320_NEO-KMS/TEXTURE.KMS/A320NEO_AIRFRAME_HUBLOT_EMIS.PNG.DDS",
            "size": 1398276,
            "date": 132686323671268982
        },
        {
            "path": "SimObjects/AirPlanes/FlyByWire_A320_NEO-KMS/TEXTURE.KMS/A320NEO_AIRFRAME_HUBLOT_EMIS.PNG.DDS.json",
            "size": 119,
            "date": 132647291070000000
        },
        {
            "path": "SimObjects/AirPlanes/FlyByWire_A320_NEO-KMS/TEXTURE.KMS/A320NEO_AIRFRAME_LIVERY_ALBD.PNG.DDS",
            "size": 4194432,
            "date": 132443444260000000
        },
        {
            "path": "SimObjects/AirPlanes/FlyByWire_A320_NEO-KMS/TEXTURE.KMS/A320NEO_AIRFRAME_LIVERY_ALBD.PNG.DDS.json",
            "size": 119,
            "date": 132443444260000000
        },
        {
            "path": "SimObjects/AirPlanes/FlyByWire_A320_NEO-KMS/TEXTURE.KMS/A320NEO_AIRFRAME_LIVERY_TEXTS_ALBD.PNG.DDS",
            "size": 4194432,
            "date": 132443444260000000
        },
        {
            "path": "SimObjects/AirPlanes/FlyByWire_A320_NEO-KMS/TEXTURE.KMS/A320NEO_AIRFRAME_LIVERY_TEXTS_ALBD.PNG.DDS.json",
            "size": 119,
            "date": 132443444260000000
        },
        {
            "path": "SimObjects/AirPlanes/FlyByWire_A320_NEO-KMS/TEXTURE.KMS/A320NEO_AIRFRAME_RIBBONS_ALBD.PNG.DDS",
            "size": 349700,
            "date": 132686324806902476
        },
        {
            "path": "SimObjects/AirPlanes/FlyByWire_A320_NEO-KMS/TEXTURE.KMS/A320NEO_AIRFRAME_RIBBONS_ALBD.PNG.DDS.json",
            "size": 119,
            "date": 132647291080000000
        },
        {
            "path": "SimObjects/AirPlanes/FlyByWire_A320_NEO-KMS/TEXTURE.KMS/A320NEO_AIRFRAME_WINGS_ALBD.PNG.DDS",
            "size": 11184952,
            "date": 132714104786841192
        },
        {
            "path": "SimObjects/AirPlanes/FlyByWire_A320_NEO-KMS/TEXTURE.KMS/A320NEO_AIRFRAME_WINGS_ALBD.PNG.DDS.json",
            "size": 102,
            "date": 132443444260000000
        },
        {
            "path": "SimObjects/AirPlanes/FlyByWire_A320_NEO-KMS/TEXTURE.KMS/A320NEO_COCKPIT_BACK01_ALBD.PNG.DDS",
            "size": 11184952,
            "date": 132714105130255602
        },
        {
            "path": "SimObjects/AirPlanes/FlyByWire_A320_NEO-KMS/TEXTURE.KMS/A320NEO_COCKPIT_BACK01_ALBD.PNG.DDS.json",
            "size": 102,
            "date": 132647473880000000
        },
        {
            "path": "SimObjects/AirPlanes/FlyByWire_A320_NEO-KMS/TEXTURE.KMS/A320NEO_COCKPIT_BACK02_ALBD.PNG.DDS",
            "size": 11184952,
            "date": 132714105644092106
        },
        {
            "path": "SimObjects/AirPlanes/FlyByWire_A320_NEO-KMS/TEXTURE.KMS/A320NEO_COCKPIT_BACK02_ALBD.PNG.DDS.json",
            "size": 102,
            "date": 132647473900000000
        },
        {
            "path": "SimObjects/AirPlanes/FlyByWire_A320_NEO-KMS/TEXTURE.KMS/A320NEO_COCKPIT_DECALSALPHA_ALBD.PNG.DDS",
            "size": 1398276,
            "date": 132683153575983014
        },
        {
            "path": "SimObjects/AirPlanes/FlyByWire_A320_NEO-KMS/TEXTURE.KMS/A320NEO_COCKPIT_DECALSALPHA_ALBD.PNG.DDS.json",
            "size": 102,
            "date": 132443444260000000
        },
        {
            "path": "SimObjects/AirPlanes/FlyByWire_A320_NEO-KMS/TEXTURE.KMS/A320NEO_COCKPIT_DECALSTEXT_ALBD.TIF.dds",
            "size": 22369796,
            "date": 132647473900000000
        },
        {
            "path": "SimObjects/AirPlanes/FlyByWire_A320_NEO-KMS/TEXTURE.KMS/A320NEO_COCKPIT_DECALSTEXT_ALBD.TIF.DDS.FLAGS",
            "size": 18,
            "date": 132647473900000000
        },
        {
            "path": "SimObjects/AirPlanes/FlyByWire_A320_NEO-KMS/TEXTURE.KMS/A320NEO_COCKPIT_DECALSTEXT_ALBD.TIF.DDS.json",
            "size": 119,
            "date": 132647473900000000
        },
        {
            "path": "SimObjects/AirPlanes/FlyByWire_A320_NEO-KMS/TEXTURE.KMS/A320NEO_COCKPIT_DECALSTEXT_EMIS.PNG.dds",
            "size": 22369796,
            "date": 132709611633794926
        },
        {
            "path": "SimObjects/AirPlanes/FlyByWire_A320_NEO-KMS/TEXTURE.KMS/A320NEO_COCKPIT_DECALSTEXT_EMIS.PNG.DDS.FLAGS",
            "size": 18,
            "date": 132647473900000000
        },
        {
            "path": "SimObjects/AirPlanes/FlyByWire_A320_NEO-KMS/TEXTURE.KMS/A320NEO_COCKPIT_DECALSTEXT_EMIS.PNG.DDS.json",
            "size": 102,
            "date": 132647473900000000
        },
        {
            "path": "SimObjects/AirPlanes/FlyByWire_A320_NEO-KMS/TEXTURE.KMS/A320NEO_COCKPIT_FLOOR_ALBD.PNG.DDS",
            "size": 5592560,
            "date": 132644367923175560
        },
        {
            "path": "SimObjects/AirPlanes/FlyByWire_A320_NEO-KMS/TEXTURE.KMS/A320NEO_COCKPIT_FLOOR_ALBD.PNG.DDS.json",
            "size": 102,
            "date": 132647473900000000
        },
        {
            "path": "SimObjects/AirPlanes/FlyByWire_A320_NEO-KMS/TEXTURE.KMS/A320NEO_COCKPIT_GLARESHIELD_ALBD.PNG.dds",
            "size": 22369776,
            "date": 132656550827442796
        },
        {
            "path": "SimObjects/AirPlanes/FlyByWire_A320_NEO-KMS/TEXTURE.KMS/A320NEO_COCKPIT_GLARESHIELD_ALBD.PNG.DDS.json",
            "size": 102,
            "date": 132647473900000000
        },
        {
            "path": "SimObjects/AirPlanes/FlyByWire_A320_NEO-KMS/TEXTURE.KMS/A320NEO_COCKPIT_INPUTS01_ALBD.PNG.DDS",
            "size": 2796344,
            "date": 132530548080000000
        },
        {
            "path": "SimObjects/AirPlanes/FlyByWire_A320_NEO-KMS/TEXTURE.KMS/A320NEO_COCKPIT_INPUTS01_ALBD.PNG.DDS.json",
            "size": 102,
            "date": 132647473920000000
        },
        {
            "path": "SimObjects/AirPlanes/FlyByWire_A320_NEO-KMS/TEXTURE.KMS/A320NEO_COCKPIT_INPUTS02_ALBD.PNG.dds",
            "size": 5592560,
            "date": 132530548080000000
        },
        {
            "path": "SimObjects/AirPlanes/FlyByWire_A320_NEO-KMS/TEXTURE.KMS/A320NEO_COCKPIT_INPUTS02_ALBD.PNG.DDS.json",
            "size": 102,
            "date": 132647473920000000
        },
        {
            "path": "SimObjects/AirPlanes/FlyByWire_A320_NEO-KMS/TEXTURE.KMS/A320NEO_COCKPIT_LIGHTS_ALBD.PNG.DDS",
            "size": 699192,
            "date": 132647473920000000
        },
        {
            "path": "SimObjects/AirPlanes/FlyByWire_A320_NEO-KMS/TEXTURE.KMS/A320NEO_COCKPIT_LIGHTS_ALBD.PNG.DDS.json",
            "size": 102,
            "date": 132647473920000000
        },
        {
            "path": "SimObjects/AirPlanes/FlyByWire_A320_NEO-KMS/TEXTURE.KMS/A320NEO_COCKPIT_LIGHTS_EMIS.PNG.DDS",
            "size": 174904,
            "date": 132647473920000000
        },
        {
            "path": "SimObjects/AirPlanes/FlyByWire_A320_NEO-KMS/TEXTURE.KMS/A320NEO_COCKPIT_LIGHTS_EMIS.PNG.DDS.json",
            "size": 102,
            "date": 132647473920000000
        },
        {
            "path": "SimObjects/AirPlanes/FlyByWire_A320_NEO-KMS/TEXTURE.KMS/A320NEO_COCKPIT_MAINPANEL_ALBD.PNG.dds",
            "size": 22369796,
            "date": 132709612085395344
        },
        {
            "path": "SimObjects/AirPlanes/FlyByWire_A320_NEO-KMS/TEXTURE.KMS/A320NEO_COCKPIT_MAINPANEL_ALBD.PNG.DDS.json",
            "size": 102,
            "date": 132647473920000000
        },
        {
            "path": "SimObjects/AirPlanes/FlyByWire_A320_NEO-KMS/TEXTURE.KMS/A320NEO_COCKPIT_OVERHEAD_ALBD.PNG.DDS",
            "size": 22369776,
            "date": 132653140507051894
        },
        {
            "path": "SimObjects/AirPlanes/FlyByWire_A320_NEO-KMS/TEXTURE.KMS/A320NEO_COCKPIT_OVERHEAD_ALBD.PNG.DDS.json",
            "size": 102,
            "date": 132647473940000000
        },
        {
            "path": "SimObjects/AirPlanes/FlyByWire_A320_NEO-KMS/TEXTURE.KMS/A320NEO_COCKPIT_PANELSOFT_NORM.PNG.DDS",
            "size": 87536,
            "date": 132647473940000000
        },
        {
            "path": "SimObjects/AirPlanes/FlyByWire_A320_NEO-KMS/TEXTURE.KMS/A320NEO_COCKPIT_PANELSOFT_NORM.PNG.DDS.json",
            "size": 160,
            "date": 132647473940000000
        },
        {
            "path": "SimObjects/AirPlanes/FlyByWire_A320_NEO-KMS/TEXTURE.KMS/A320NEO_COCKPIT_PEDALS_ALBD.PNG.DDS",
            "size": 5592560,
            "date": 132550538760000000
        },
        {
            "path": "SimObjects/AirPlanes/FlyByWire_A320_NEO-KMS/TEXTURE.KMS/A320NEO_COCKPIT_PEDALS_ALBD.PNG.DDS.json",
            "size": 102,
            "date": 132647473940000000
        },
        {
            "path": "SimObjects/AirPlanes/FlyByWire_A320_NEO-KMS/TEXTURE.KMS/A320NEO_COCKPIT_PEDESTAL_ALBD.PNG.DDS",
            "size": 5592580,
            "date": 132709612480767774
        },
        {
            "path": "SimObjects/AirPlanes/FlyByWire_A320_NEO-KMS/TEXTURE.KMS/A320NEO_COCKPIT_PEDESTAL_ALBD.PNG.DDS.json",
            "size": 102,
            "date": 132647473940000000
        },
        {
            "path": "SimObjects/AirPlanes/FlyByWire_A320_NEO-KMS/TEXTURE.KMS/A320NEO_COCKPIT_SEATBELT_ALBD.PNG.DDS",
            "size": 2796344,
            "date": 132714108988360866
        },
        {
            "path": "SimObjects/AirPlanes/FlyByWire_A320_NEO-KMS/TEXTURE.KMS/A320NEO_COCKPIT_SEATBELT_ALBD.PNG.DDS.json",
            "size": 102,
            "date": 132647473940000000
        },
        {
            "path": "SimObjects/AirPlanes/FlyByWire_A320_NEO-KMS/TEXTURE.KMS/A320NEO_COCKPIT_SEATS_ALBD.PNG.DDS",
            "size": 11184952,
            "date": 132714109445760998
        },
        {
            "path": "SimObjects/AirPlanes/FlyByWire_A320_NEO-KMS/TEXTURE.KMS/A320NEO_COCKPIT_SEATS_ALBD.PNG.DDS.json",
            "size": 102,
            "date": 132647473940000000
        },
        {
            "path": "SimObjects/AirPlanes/FlyByWire_A320_NEO-KMS/TEXTURE.KMS/A320NEO_COCKPIT_SIDEPANELS_ALBD.PNG.DDS",
            "size": 22369776,
            "date": 132656506666600514
        },
        {
            "path": "SimObjects/AirPlanes/FlyByWire_A320_NEO-KMS/TEXTURE.KMS/A320NEO_COCKPIT_SIDEPANELS_ALBD.PNG.DDS.json",
            "size": 102,
            "date": 132647473960000000
        },
        {
            "path": "SimObjects/AirPlanes/FlyByWire_A320_NEO-KMS/TEXTURE.KMS/A320NEO_COCKPIT_SIDESTICKS_ALBD.PNG.DDS",
            "size": 5592560,
            "date": 132549847480000000
        },
        {
            "path": "SimObjects/AirPlanes/FlyByWire_A320_NEO-KMS/TEXTURE.KMS/A320NEO_COCKPIT_SIDESTICKS_ALBD.PNG.DDS.json",
            "size": 102,
            "date": 132647473960000000
        },
        {
            "path": "SimObjects/AirPlanes/FlyByWire_A320_NEO-KMS/TEXTURE.KMS/A320NEO_COCKPIT_SIDETOP_ALBD.PNG.DDS",
            "size": 5592560,
            "date": 132549868400000000
        },
        {
            "path": "SimObjects/AirPlanes/FlyByWire_A320_NEO-KMS/TEXTURE.KMS/A320NEO_COCKPIT_SIDETOP_ALBD.PNG.DDS.json",
            "size": 102,
            "date": 132647473960000000
        },
        {
            "path": "SimObjects/AirPlanes/FlyByWire_A320_NEO-KMS/TEXTURE.KMS/A320NEO_COCKPIT_THROTTLE_ALBD.PNG.DDS",
            "size": 22369796,
            "date": 132647473980000000
        },
        {
            "path": "SimObjects/AirPlanes/FlyByWire_A320_NEO-KMS/TEXTURE.KMS/A320NEO_COCKPIT_THROTTLE_ALBD.PNG.DDS.json",
            "size": 102,
            "date": 132530548080000000
        },
        {
            "path": "SimObjects/AirPlanes/FlyByWire_A320_NEO-KMS/TEXTURE.KMS/A320NEO_COCKPIT_TOPPANEL_ALBD.PNG.DDS",
            "size": 5592560,
            "date": 132549881980000000
        },
        {
            "path": "SimObjects/AirPlanes/FlyByWire_A320_NEO-KMS/TEXTURE.KMS/A320NEO_COCKPIT_TOPPANEL_ALBD.PNG.DDS.json",
            "size": 102,
            "date": 132647473980000000
        },
        {
            "path": "SimObjects/AirPlanes/FlyByWire_A320_NEO-KMS/TEXTURE.KMS/CUP_LOW2_ALBEDO.PNG.DDS",
            "size": 2796344,
            "date": 132714110160605580
        },
        {
            "path": "SimObjects/AirPlanes/FlyByWire_A320_NEO-KMS/TEXTURE.KMS/CUP_LOW2_ALBEDO.PNG.DDS.json",
            "size": 102,
            "date": 132581216640000000
        },
        {
            "path": "SimObjects/AirPlanes/FlyByWire_A320_NEO-KMS/TEXTURE.KMS/FLYPAD_ALBEDO.TIF.DDS",
            "size": 22369776,
            "date": 132714111299968760
        },
        {
            "path": "SimObjects/AirPlanes/FlyByWire_A320_NEO-KMS/TEXTURE.KMS/FLYPAD_ALBEDO.TIF.DDS.json",
            "size": 119,
            "date": 132581985080000000
        },
        {
            "path": "SimObjects/AirPlanes/FlyByWire_A320_NEO-KMS/TEXTURE.KMS/GLASS.PNG.DDS",
            "size": 5592580,
            "date": 132647473980000000
        },
        {
            "path": "SimObjects/AirPlanes/FlyByWire_A320_NEO-KMS/TEXTURE.KMS/GLASS.PNG.DDS.json",
            "size": 119,
            "date": 132647473980000000
        },
        {
            "path": "SimObjects/AirPlanes/FlyByWire_A320_NEO-KMS/TEXTURE.KMS/texture.CFG",
            "size": 295,
            "date": 132721461360000000
        },
        {
            "path": "SimObjects/AirPlanes/FlyByWire_A320_NEO-KMS/TEXTURE.KMS/thumbnail.jpg",
            "size": 98377,
            "date": 132684318873957784
        },
        {
            "path": "SimObjects/AirPlanes/FlyByWire_A320_NEO-KMS/TEXTURE.KMS/thumbnail_small.jpg",
            "size": 23979,
            "date": 132684318921791300
        }
    ]
}