{
  "content": [
    {
      "path": "build.py",
      "size": 1206,
      "date": 132483610786621227
    },
    {
      "path": "SimObjects/Airplanes/Asobo_KingAir350-CQNet/aircraft.cfg",
      "size": 2113,
      "date": 132548810391257771
    },
    {
      "path": "SimObjects/Airplanes/Asobo_KingAir350-CQNet/MODEL.CQNet/model.CFG",
      "size": 292,
      "date": 132485462806648358
    },
    {
      "path": "SimObjects/Airplanes/Asobo_KingAir350-CQNet/TEXTURE.CQNet/KINGAIR350I_AIRFRAME_DECALS_ALBD.TIF.DDS",
      "size": 5592560,
      "date": 132429050908192406
    },
    {
      "path": "SimObjects/Airplanes/Asobo_KingAir350-CQNet/TEXTURE.CQNet/KINGAIR350I_AIRFRAME_DECALS_ALBD.TIF.DDS.json",
      "size": 119,
      "date": 132429050908222163
    },
    {
      "path": "SimObjects/Airplanes/Asobo_KingAir350-CQNet/TEXTURE.CQNet/KINGAIR350I_AIRFRAME_ENGINES_ALBD.PNG.DDS",
      "size": 2796344,
      "date": 132549183241434861
    },
    {
      "path": "SimObjects/Airplanes/Asobo_KingAir350-CQNet/TEXTURE.CQNet/KINGAIR350I_AIRFRAME_ENGINES_ALBD.PNG.DDS.json",
      "size": 102,
      "date": 132429050908336244
    },
    {
      "path": "SimObjects/Airplanes/Asobo_KingAir350-CQNet/TEXTURE.CQNet/KINGAIR350I_AIRFRAME_FUSELAGE_ALBD.PNG.DDS",
      "size": 4194432,
      "date": 132580958327012508
    },
    {
      "path": "SimObjects/Airplanes/Asobo_KingAir350-CQNet/TEXTURE.CQNet/KINGAIR350I_AIRFRAME_FUSELAGE_ALBD.PNG.DDS.json",
      "size": 102,
      "date": 132429050908906643
    },
    {
      "path": "SimObjects/Airplanes/Asobo_KingAir350-CQNet/TEXTURE.CQNet/KINGAIR350I_AIRFRAME_LIVERY_ALBD.PNG.DDS",
      "size": 16512,
      "date": 132548972787904136
    },
    {
      "path": "SimObjects/Airplanes/Asobo_KingAir350-CQNet/TEXTURE.CQNet/KINGAIR350I_AIRFRAME_LIVERY_ALBD.PNG.DDS.json",
      "size": 102,
      "date": 132429050911530483
    },
    {
      "path": "SimObjects/Airplanes/Asobo_KingAir350-CQNet/TEXTURE.CQNet/KINGAIR350I_AIRFRAME_LOGOS_ALBD.PNG.DDS",
      "size": 4194432,
      "date": 132549178648614136
    },
    {
      "path": "SimObjects/Airplanes/Asobo_KingAir350-CQNet/TEXTURE.CQNet/KINGAIR350I_AIRFRAME_LOGOS_ALBD.PNG.DDS.json",
      "size": 119,
      "date": 132447499600924507
    },
    {
      "path": "SimObjects/Airplanes/Asobo_KingAir350-CQNet/TEXTURE.CQNet/KINGAIR350I_AIRFRAME_TAIL_ALBD.PNG.DDS",
      "size": 4194432,
      "date": 132549200297121494
    },
    {
      "path": "SimObjects/Airplanes/Asobo_KingAir350-CQNet/TEXTURE.CQNet/KINGAIR350I_AIRFRAME_TAIL_ALBD.PNG.DDS.json",
      "size": 102,
      "date": 132429050912701048
    },
    {
      "path": "SimObjects/Airplanes/Asobo_KingAir350-CQNet/TEXTURE.CQNet/KINGAIR350I_AIRFRAME_WINGS_ALBD.PNG.DDS",
      "size": 4194432,
      "date": 132549172965850773
    },
    {
      "path": "SimObjects/Airplanes/Asobo_KingAir350-CQNet/TEXTURE.CQNet/KINGAIR350I_AIRFRAME_WINGS_ALBD.PNG.DDS.json",
      "size": 102,
      "date": 132429050913955924
    },
    {
      "path": "SimObjects/Airplanes/Asobo_KingAir350-CQNet/TEXTURE.CQNet/texture.CFG",
      "size": 282,
      "date": 132453233597465077
    },
    {
      "path": "SimObjects/Airplanes/Asobo_KingAir350-CQNet/TEXTURE.CQNet/thumbnail.JPG",
      "size": 78101,
      "date": 132580988051727996
    },
    {
      "path": "SimObjects/Airplanes/Asobo_KingAir350-CQNet/TEXTURE.CQNet/thumbnail_small.JPG",
      "size": 20203,
      "date": 132580988052027996
    }
  ]
}