{
    "content": [
        {
            "path": "SimObjects/AirPlanes/FlyByWire_A320_NEO-CQNCARGO/aircraft.cfg",
            "size": 1977,
            "date": 132641312753956004
        },
        {
            "path": "SimObjects/AirPlanes/FlyByWire_A320_NEO-CQNCARGO/model.CQNCARGO/model.cfg",
            "size": 946,
            "date": 132635497272426142
        },
        {
            "path": "SimObjects/AirPlanes/FlyByWire_A320_NEO-CQNCARGO/TEXTURE.CQNCARGO/A320NEO_AIRFRAME_DECALS_ALBD.PNG.DDS",
            "size": 5592560,
            "date": 132573996899843898
        },
        {
            "path": "SimObjects/AirPlanes/FlyByWire_A320_NEO-CQNCARGO/TEXTURE.CQNCARGO/A320NEO_AIRFRAME_DECALS_ALBD.PNG.DDS.json",
            "size": 119,
            "date": 132573996899858778
        },
        {
            "path": "SimObjects/AirPlanes/FlyByWire_A320_NEO-CQNCARGO/TEXTURE.CQNCARGO/A320NEO_AIRFRAME_ENGINES_ALBD.PNG.DDS",
            "size": 5592560,
            "date": 132733007852939628
        },
        {
            "path": "SimObjects/AirPlanes/FlyByWire_A320_NEO-CQNCARGO/TEXTURE.CQNCARGO/A320NEO_AIRFRAME_ENGINES_ALBD.PNG.DDS.json",
            "size": 102,
            "date": 132425416060000000
        },
        {
            "path": "SimObjects/AirPlanes/FlyByWire_A320_NEO-CQNCARGO/TEXTURE.CQNCARGO/A320NEO_AIRFRAME_FUSELAGE_ALBD.PNG.DDS",
            "size": 4194432,
            "date": 132723592411900994
        },
        {
            "path": "SimObjects/AirPlanes/FlyByWire_A320_NEO-CQNCARGO/TEXTURE.CQNCARGO/A320NEO_AIRFRAME_FUSELAGE_ALBD.PNG.DDS.json",
            "size": 102,
            "date": 132425416060000000
        },
        {
            "path": "SimObjects/AirPlanes/FlyByWire_A320_NEO-CQNCARGO/TEXTURE.CQNCARGO/A320NEO_AIRFRAME_HUBLOTIN_ALBD.PNG.DDS",
            "size": 8388736,
            "date": 132656187864582062
        },
        {
            "path": "SimObjects/AirPlanes/FlyByWire_A320_NEO-CQNCARGO/TEXTURE.CQNCARGO/A320NEO_AIRFRAME_HUBLOTIN_ALBD.PNG.DDS.json",
            "size": 102,
            "date": 132600586539540098
        },
        {
            "path": "SimObjects/AirPlanes/FlyByWire_A320_NEO-CQNCARGO/TEXTURE.CQNCARGO/A320NEO_AIRFRAME_HUBLOT_ALBD.PNG.DDS",
            "size": 131200,
            "date": 132656194312008014
        },
        {
            "path": "SimObjects/AirPlanes/FlyByWire_A320_NEO-CQNCARGO/TEXTURE.CQNCARGO/A320NEO_AIRFRAME_HUBLOT_ALBD.PNG.DDS.json",
            "size": 119,
            "date": 132600586538700134
        },
        {
            "path": "SimObjects/AirPlanes/FlyByWire_A320_NEO-CQNCARGO/TEXTURE.CQNCARGO/A320NEO_AIRFRAME_LIVERY_ALBD.PNG.dds",
            "size": 4194432,
            "date": 132736177631603732
        },
        {
            "path": "SimObjects/AirPlanes/FlyByWire_A320_NEO-CQNCARGO/TEXTURE.CQNCARGO/A320NEO_AIRFRAME_LIVERY_ALBD.PNG.DDS.json",
            "size": 119,
            "date": 132425416060000000
        },
        {
            "path": "SimObjects/AirPlanes/FlyByWire_A320_NEO-CQNCARGO/TEXTURE.CQNCARGO/A320NEO_AIRFRAME_LIVERY_TEXTS_ALBD.PNG.dds",
            "size": 5592580,
            "date": 132425420140000000
        },
        {
            "path": "SimObjects/AirPlanes/FlyByWire_A320_NEO-CQNCARGO/TEXTURE.CQNCARGO/A320NEO_AIRFRAME_LIVERY_TEXTS_ALBD.PNG.DDS.json",
            "size": 119,
            "date": 132425416060000000
        },
        {
            "path": "SimObjects/AirPlanes/FlyByWire_A320_NEO-CQNCARGO/TEXTURE.CQNCARGO/A320NEO_AIRFRAME_WINGS_ALBD.PNG.DDS",
            "size": 2097280,
            "date": 132586312324812630
        },
        {
            "path": "SimObjects/AirPlanes/FlyByWire_A320_NEO-CQNCARGO/TEXTURE.CQNCARGO/A320NEO_AIRFRAME_WINGS_ALBD.PNG.DDS.json",
            "size": 102,
            "date": 132425416080000000
        },
        {
            "path": "SimObjects/AirPlanes/FlyByWire_A320_NEO-CQNCARGO/TEXTURE.CQNCARGO/A320NEO_COCKPIT_BACK01_ALBD.PNG.DDS",
            "size": 2097280,
            "date": 132589798682954894
        },
        {
            "path": "SimObjects/AirPlanes/FlyByWire_A320_NEO-CQNCARGO/TEXTURE.CQNCARGO/A320NEO_COCKPIT_BACK01_ALBD.PNG.DDS.json",
            "size": 102,
            "date": 132422210820000000
        },
        {
            "path": "SimObjects/AirPlanes/FlyByWire_A320_NEO-CQNCARGO/TEXTURE.CQNCARGO/A320NEO_COCKPIT_BACK02_ALBD.PNG.DDS",
            "size": 4194432,
            "date": 132733009450050066
        },
        {
            "path": "SimObjects/AirPlanes/FlyByWire_A320_NEO-CQNCARGO/TEXTURE.CQNCARGO/A320NEO_COCKPIT_BACK02_ALBD.PNG.DDS.json",
            "size": 102,
            "date": 132581985040000000
        },
        {
            "path": "SimObjects/AirPlanes/FlyByWire_A320_NEO-CQNCARGO/TEXTURE.CQNCARGO/A320NEO_COCKPIT_DECALSALPHA_ALBD.PNG.DDS",
            "size": 4194432,
            "date": 132698590178855382
        },
        {
            "path": "SimObjects/AirPlanes/FlyByWire_A320_NEO-CQNCARGO/TEXTURE.CQNCARGO/A320NEO_COCKPIT_DECALSALPHA_ALBD.PNG.DDS.json",
            "size": 119,
            "date": 132583753720000000
        },
        {
            "path": "SimObjects/AirPlanes/FlyByWire_A320_NEO-CQNCARGO/TEXTURE.CQNCARGO/A320NEO_COCKPIT_DECALSTEXT_ALBD.TIF.DDS",
            "size": 1398256,
            "date": 132530548080000000
        },
        {
            "path": "SimObjects/AirPlanes/FlyByWire_A320_NEO-CQNCARGO/TEXTURE.CQNCARGO/A320NEO_COCKPIT_DECALSTEXT_ALBD.TIF.DDS.FLAGS",
            "size": 18,
            "date": 132530548080000000
        },
        {
            "path": "SimObjects/AirPlanes/FlyByWire_A320_NEO-CQNCARGO/TEXTURE.CQNCARGO/A320NEO_COCKPIT_DECALSTEXT_ALBD.TIF.DDS.json",
            "size": 119,
            "date": 132530548080000000
        },
        {
            "path": "SimObjects/AirPlanes/FlyByWire_A320_NEO-CQNCARGO/TEXTURE.CQNCARGO/A320NEO_COCKPIT_DECALSTEXT_EMIS.PNG.DDS",
            "size": 4194432,
            "date": 132733011089177548
        },
        {
            "path": "SimObjects/AirPlanes/FlyByWire_A320_NEO-CQNCARGO/TEXTURE.CQNCARGO/A320NEO_COCKPIT_DECALSTEXT_EMIS.PNG.DDS.FLAGS",
            "size": 18,
            "date": 132530548080000000
        },
        {
            "path": "SimObjects/AirPlanes/FlyByWire_A320_NEO-CQNCARGO/TEXTURE.CQNCARGO/A320NEO_COCKPIT_DECALSTEXT_EMIS.PNG.DDS.json",
            "size": 102,
            "date": 132530548080000000
        },
        {
            "path": "SimObjects/AirPlanes/FlyByWire_A320_NEO-CQNCARGO/TEXTURE.CQNCARGO/A320NEO_COCKPIT_FLOOR_ALBD.PNG.DDS",
            "size": 5592560,
            "date": 132522822800000000
        },
        {
            "path": "SimObjects/AirPlanes/FlyByWire_A320_NEO-CQNCARGO/TEXTURE.CQNCARGO/A320NEO_COCKPIT_FLOOR_ALBD.PNG.DDS.json",
            "size": 102,
            "date": 132422210820000000
        },
        {
            "path": "SimObjects/AirPlanes/FlyByWire_A320_NEO-CQNCARGO/TEXTURE.CQNCARGO/A320NEO_COCKPIT_GLARESHIELD_ALBD.PNG.DDS",
            "size": 4194432,
            "date": 132733009694161024
        },
        {
            "path": "SimObjects/AirPlanes/FlyByWire_A320_NEO-CQNCARGO/TEXTURE.CQNCARGO/A320NEO_COCKPIT_GLARESHIELD_ALBD.PNG.DDS.json",
            "size": 102,
            "date": 132530548080000000
        },
        {
            "path": "SimObjects/AirPlanes/FlyByWire_A320_NEO-CQNCARGO/TEXTURE.CQNCARGO/A320NEO_COCKPIT_INPUTS01_ALBD.PNG.DDS",
            "size": 2796344,
            "date": 132530548080000000
        },
        {
            "path": "SimObjects/AirPlanes/FlyByWire_A320_NEO-CQNCARGO/TEXTURE.CQNCARGO/A320NEO_COCKPIT_INPUTS01_ALBD.PNG.DDS.json",
            "size": 102,
            "date": 132530548080000000
        },
        {
            "path": "SimObjects/AirPlanes/FlyByWire_A320_NEO-CQNCARGO/TEXTURE.CQNCARGO/A320NEO_COCKPIT_INPUTS02_ALBD.PNG.DDS",
            "size": 5592560,
            "date": 132530548080000000
        },
        {
            "path": "SimObjects/AirPlanes/FlyByWire_A320_NEO-CQNCARGO/TEXTURE.CQNCARGO/A320NEO_COCKPIT_INPUTS02_ALBD.PNG.DDS.json",
            "size": 102,
            "date": 132530548080000000
        },
        {
            "path": "SimObjects/AirPlanes/FlyByWire_A320_NEO-CQNCARGO/TEXTURE.CQNCARGO/A320NEO_COCKPIT_LIGHTS_ALBD.PNG.DDS",
            "size": 1398256,
            "date": 132530548080000000
        },
        {
            "path": "SimObjects/AirPlanes/FlyByWire_A320_NEO-CQNCARGO/TEXTURE.CQNCARGO/A320NEO_COCKPIT_LIGHTS_ALBD.PNG.DDS.json",
            "size": 102,
            "date": 132530548080000000
        },
        {
            "path": "SimObjects/AirPlanes/FlyByWire_A320_NEO-CQNCARGO/TEXTURE.CQNCARGO/A320NEO_COCKPIT_LIGHTS_EMIS.PNG.DDS",
            "size": 1398256,
            "date": 132530548080000000
        },
        {
            "path": "SimObjects/AirPlanes/FlyByWire_A320_NEO-CQNCARGO/TEXTURE.CQNCARGO/A320NEO_COCKPIT_LIGHTS_EMIS.PNG.DDS.json",
            "size": 102,
            "date": 132530548080000000
        },
        {
            "path": "SimObjects/AirPlanes/FlyByWire_A320_NEO-CQNCARGO/TEXTURE.CQNCARGO/A320NEO_COCKPIT_MAINPANEL_ALBD.PNG.dds",
            "size": 4194432,
            "date": 132733010125612576
        },
        {
            "path": "SimObjects/AirPlanes/FlyByWire_A320_NEO-CQNCARGO/TEXTURE.CQNCARGO/A320NEO_COCKPIT_MAINPANEL_ALBD.PNG.DDS.json",
            "size": 102,
            "date": 132530548080000000
        },
        {
            "path": "SimObjects/AirPlanes/FlyByWire_A320_NEO-CQNCARGO/TEXTURE.CQNCARGO/A320NEO_COCKPIT_OVERHEAD_ALBD.PNG.DDS",
            "size": 5592560,
            "date": 132549832860000000
        },
        {
            "path": "SimObjects/AirPlanes/FlyByWire_A320_NEO-CQNCARGO/TEXTURE.CQNCARGO/A320NEO_COCKPIT_OVERHEAD_ALBD.PNG.DDS.json",
            "size": 102,
            "date": 132530548080000000
        },
        {
            "path": "SimObjects/AirPlanes/FlyByWire_A320_NEO-CQNCARGO/TEXTURE.CQNCARGO/A320NEO_COCKPIT_PANELSOFT_NORM.PNG.DDS",
            "size": 87536,
            "date": 132530548080000000
        },
        {
            "path": "SimObjects/AirPlanes/FlyByWire_A320_NEO-CQNCARGO/TEXTURE.CQNCARGO/A320NEO_COCKPIT_PANELSOFT_NORM.PNG.DDS.json",
            "size": 160,
            "date": 132530548080000000
        },
        {
            "path": "SimObjects/AirPlanes/FlyByWire_A320_NEO-CQNCARGO/TEXTURE.CQNCARGO/A320NEO_COCKPIT_PEDALS_ALBD.PNG.DDS",
            "size": 5592560,
            "date": 132550538760000000
        },
        {
            "path": "SimObjects/AirPlanes/FlyByWire_A320_NEO-CQNCARGO/TEXTURE.CQNCARGO/A320NEO_COCKPIT_PEDALS_ALBD.PNG.DDS.json",
            "size": 102,
            "date": 132530548080000000
        },
        {
            "path": "SimObjects/AirPlanes/FlyByWire_A320_NEO-CQNCARGO/TEXTURE.CQNCARGO/A320NEO_COCKPIT_PEDESTAL_ALBD.PNG.DDS",
            "size": 2097280,
            "date": 132594376885290088
        },
        {
            "path": "SimObjects/AirPlanes/FlyByWire_A320_NEO-CQNCARGO/TEXTURE.CQNCARGO/A320NEO_COCKPIT_PEDESTAL_ALBD.PNG.DDS.json",
            "size": 102,
            "date": 132530548080000000
        },
        {
            "path": "SimObjects/AirPlanes/FlyByWire_A320_NEO-CQNCARGO/TEXTURE.CQNCARGO/A320NEO_COCKPIT_SEATBELT_ALBD.PNG.DDS",
            "size": 2097280,
            "date": 132590432074320190
        },
        {
            "path": "SimObjects/AirPlanes/FlyByWire_A320_NEO-CQNCARGO/TEXTURE.CQNCARGO/A320NEO_COCKPIT_SEATBELT_ALBD.PNG.DDS.json",
            "size": 102,
            "date": 132545999540000000
        },
        {
            "path": "SimObjects/AirPlanes/FlyByWire_A320_NEO-CQNCARGO/TEXTURE.CQNCARGO/A320NEO_COCKPIT_SEATS_ALBD.PNG.DDS",
            "size": 4194432,
            "date": 132733010512208446
        },
        {
            "path": "SimObjects/AirPlanes/FlyByWire_A320_NEO-CQNCARGO/TEXTURE.CQNCARGO/A320NEO_COCKPIT_SEATS_ALBD.PNG.DDS.json",
            "size": 102,
            "date": 132422210840000000
        },
        {
            "path": "SimObjects/AirPlanes/FlyByWire_A320_NEO-CQNCARGO/TEXTURE.CQNCARGO/A320NEO_COCKPIT_SIDEPANELS_ALBD.PNG.DDS",
            "size": 4194432,
            "date": 132733012359028576
        },
        {
            "path": "SimObjects/AirPlanes/FlyByWire_A320_NEO-CQNCARGO/TEXTURE.CQNCARGO/A320NEO_COCKPIT_SIDEPANELS_ALBD.PNG.DDS.json",
            "size": 102,
            "date": 132530548080000000
        },
        {
            "path": "SimObjects/AirPlanes/FlyByWire_A320_NEO-CQNCARGO/TEXTURE.CQNCARGO/A320NEO_COCKPIT_SIDESTICKS_ALBD.PNG.DDS",
            "size": 5592560,
            "date": 132549847480000000
        },
        {
            "path": "SimObjects/AirPlanes/FlyByWire_A320_NEO-CQNCARGO/TEXTURE.CQNCARGO/A320NEO_COCKPIT_SIDESTICKS_ALBD.PNG.DDS.json",
            "size": 102,
            "date": 132530548080000000
        },
        {
            "path": "SimObjects/AirPlanes/FlyByWire_A320_NEO-CQNCARGO/TEXTURE.CQNCARGO/A320NEO_COCKPIT_SIDETOP_ALBD.PNG.DDS",
            "size": 5592560,
            "date": 132549868400000000
        },
        {
            "path": "SimObjects/AirPlanes/FlyByWire_A320_NEO-CQNCARGO/TEXTURE.CQNCARGO/A320NEO_COCKPIT_SIDETOP_ALBD.PNG.DDS.json",
            "size": 102,
            "date": 132530548080000000
        },
        {
            "path": "SimObjects/AirPlanes/FlyByWire_A320_NEO-CQNCARGO/TEXTURE.CQNCARGO/A320NEO_COCKPIT_THROTTLE_ALBD.PNG.DDS",
            "size": 4194432,
            "date": 132733010684861178
        },
        {
            "path": "SimObjects/AirPlanes/FlyByWire_A320_NEO-CQNCARGO/TEXTURE.CQNCARGO/A320NEO_COCKPIT_THROTTLE_ALBD.PNG.DDS.json",
            "size": 102,
            "date": 132530548080000000
        },
        {
            "path": "SimObjects/AirPlanes/FlyByWire_A320_NEO-CQNCARGO/TEXTURE.CQNCARGO/A320NEO_COCKPIT_TOPPANEL_ALBD.PNG.DDS",
            "size": 5592560,
            "date": 132549881980000000
        },
        {
            "path": "SimObjects/AirPlanes/FlyByWire_A320_NEO-CQNCARGO/TEXTURE.CQNCARGO/A320NEO_COCKPIT_TOPPANEL_ALBD.PNG.DDS.json",
            "size": 102,
            "date": 132530548080000000
        },
        {
            "path": "SimObjects/AirPlanes/FlyByWire_A320_NEO-CQNCARGO/TEXTURE.CQNCARGO/CUP_LOW2_ALBEDO.PNG.DDS",
            "size": 4194432,
            "date": 132581292012490162
        },
        {
            "path": "SimObjects/AirPlanes/FlyByWire_A320_NEO-CQNCARGO/TEXTURE.CQNCARGO/CUP_LOW2_ALBEDO.PNG.DDS.json",
            "size": 102,
            "date": 132581216640000000
        },
        {
            "path": "SimObjects/AirPlanes/FlyByWire_A320_NEO-CQNCARGO/TEXTURE.CQNCARGO/FLYPAD_ALBEDO.TIF.DDS",
            "size": 4194432,
            "date": 132723597787443904
        },
        {
            "path": "SimObjects/AirPlanes/FlyByWire_A320_NEO-CQNCARGO/TEXTURE.CQNCARGO/FLYPAD_ALBEDO.TIF.DDS.json",
            "size": 119,
            "date": 132581985080000000
        },
        {
            "path": "SimObjects/AirPlanes/FlyByWire_A320_NEO-CQNCARGO/TEXTURE.CQNCARGO/GLASS.PNG.DDS",
            "size": 5592580,
            "date": 132647473980000000
        },
        {
            "path": "SimObjects/AirPlanes/FlyByWire_A320_NEO-CQNCARGO/TEXTURE.CQNCARGO/GLASS.PNG.DDS.json",
            "size": 102,
            "date": 132714117015774336
        },
        {
            "path": "SimObjects/AirPlanes/FlyByWire_A320_NEO-CQNCARGO/TEXTURE.CQNCARGO/GLASS_COMP.PNG.DDS",
            "size": 5592580,
            "date": 132647473980000000
        },
        {
            "path": "SimObjects/AirPlanes/FlyByWire_A320_NEO-CQNCARGO/TEXTURE.CQNCARGO/GLASS_COMP.PNG.DDS.json",
            "size": 102,
            "date": 132714117288505072
        },
        {
            "path": "SimObjects/AirPlanes/FlyByWire_A320_NEO-CQNCARGO/TEXTURE.CQNCARGO/texture.cfg",
            "size": 295,
            "date": 132721461360000000
        },
        {
            "path": "SimObjects/AirPlanes/FlyByWire_A320_NEO-CQNCARGO/TEXTURE.CQNCARGO/thumbnail.jpg",
            "size": 62246,
            "date": 132594390903896032
        },
        {
            "path": "SimObjects/AirPlanes/FlyByWire_A320_NEO-CQNCARGO/TEXTURE.CQNCARGO/thumbnail_small.jpg",
            "size": 15273,
            "date": 132594390904236040
        }
    ]
}